tempo,beats,spectral_bandwidth,rolloff,zero_crossing_rate,label
103.359375,50,1956.6110562233207,4196.10796004257,0.12727247303115324,blues
95.703125,44,1497.6681759683513,2170.053544649768,0.05861340218653251,blues
151.99908088235293,75,1973.6434372895203,2900.174129710478,0.04296723829334365,blues
184.5703125,91,1567.8045957296163,2739.6251005284926,0.06912392064144737,blues
161.4990234375,74,2052.3325634591984,3927.8095824061534,0.07547951335139319,blues
107.666015625,51,2033.9300469624952,4231.499412701964,0.10437162889415634,blues
161.4990234375,80,2256.538115173274,4972.503265286377,0.1217751517753483,blues
151.99908088235293,74,1979.9099336776742,3955.8677460756094,0.09745368130804953,blues
92.28515625,45,1463.2881312997417,2243.569766773897,0.05172493288022446,blues
151.99908088235293,70,1705.8175015242066,2344.952487059791,0.045045834945820436,blues
58.72691761363637,26,995.4071254154082,927.4277253047601,0.021700549051857584,blues
117.45383522727273,53,1602.309124322475,2604.15091972233,0.04462595842202012,blues
172.265625,83,2356.855937297162,5108.319110693208,0.09765700585332818,blues
143.5546875,66,1582.4920466586439,2065.4791769966623,0.048313766810178016,blues
135.99917763157896,67,1772.854380462517,2754.525010430776,0.05714742465654025,blues
161.4990234375,80,2345.230614186449,5247.443269428454,0.13514619715073528,blues
73.828125,35,2286.6252810980545,5065.0277058037445,0.13468663832720587,blues
117.45383522727273,54,1898.717123611609,3743.6190295145607,0.09403873597136223,blues
103.359375,44,1659.4664703824992,2517.6181096410605,0.05090785543246904,blues
129.19921875,62,2190.248305756796,3761.42725516399,0.05292636174535604,blues
161.4990234375,78,2176.031189289768,4755.429577901267,0.11276500217685759,blues
151.99908088235293,75,2075.602343498586,3246.730367465654,0.04196988982681889,blues
67.99958881578948,34,2038.617578969221,3548.8202074363876,0.056044256724071206,blues
123.046875,59,2206.7109355032635,4829.320797757837,0.12842590520994582,blues
172.265625,79,1870.5341550882322,3083.4146883465555,0.050889337025928794,blues
135.99917763157896,66,2261.694349187705,5036.169546971749,0.11795053393479102,blues
135.99917763157896,63,1976.2980139018641,4023.5256702907313,0.11316673822078173,blues
99.38401442307692,45,2191.4735056963423,4657.388504075561,0.11152578064531733,blues
117.45383522727273,55,2426.198511888736,5612.507728600281,0.1364685625483746,blues
123.046875,59,1904.761177180381,3046.6815771333204,0.03997292533378483,blues
161.4990234375,81,1757.2309414323688,2882.224238251016,0.04395891785990712,blues
123.046875,58,2204.5740644585107,4673.6634056634575,0.09881232766544118,blues
103.359375,50,1954.3837849781357,4237.132711971507,0.13280229598006965,blues
78.30255681818181,37,2280.1286685771834,5148.102203463623,0.14685171971749225,blues
99.38401442307692,49,1927.803692383919,3942.834491552583,0.1066270952254257,blues
107.666015625,52,1827.7375353762977,2710.033612797504,0.051417300575657895,blues
129.19921875,65,2290.401738921507,4551.155813116777,0.048051863631965945,blues
117.45383522727273,58,2255.1950050803102,4703.188227130901,0.10858664497871517,blues
123.046875,61,2168.0155600412095,4627.997015135207,0.10515129160216719,blues
63.02400914634146,29,1396.523685796201,1943.1215835429566,0.03605269204721362,blues
129.19921875,61,2096.6376311044596,3404.796078330592,0.045430186363196595,blues
92.28515625,43,1913.2246226414609,3828.101851991825,0.08992387045278638,blues
198.76802884615384,96,1825.8854146063939,3009.856799807711,0.061350725014512386,blues
123.046875,54,1682.8601504411133,2339.635852542086,0.04816032858455882,blues
135.99917763157896,63,2082.2466258883846,4175.874749056695,0.08580598152089783,blues
123.046875,60,2361.474653231124,4776.86278163095,0.05842595056114551,blues
161.4990234375,77,1747.1659849613077,3040.514947755418,0.07630074799245357,blues
86.1328125,38,2140.606778903436,3449.6791402621902,0.044378038530379256,blues
71.77734375,36,1388.9133116502308,2795.6164286232583,0.07302790308146284,blues
63.02400914634146,28,1596.3339477626816,2185.028454098539,0.03330894446594427,blues
129.19921875,64,2372.4036041416352,5012.019693002612,0.08716538373161764,blues
83.35433467741936,39,1437.6091894262506,1599.673660325561,0.03231802075270898,blues
184.5703125,92,2157.1380999035623,3601.0282250749806,0.04570040392801858,blues
69.83741554054055,34,1729.4832411266989,3480.9372845818016,0.09403986975135449,blues
78.30255681818181,39,2209.699345771831,5004.1114074895995,0.12514096664570434,blues
184.5703125,92,1497.8228092446402,2522.1014158644543,0.052482675841718264,blues
123.046875,60,1634.4150288075803,2517.6847759046054,0.04882661329334365,blues
83.35433467741936,40,2031.643883581744,3781.318801549197,0.06402757957623839,blues
103.359375,50,2519.2961185904487,5660.407438957285,0.12924562814434984,blues
92.28515625,45,1577.3699166309125,2955.348796076819,0.06143500266060371,blues
123.046875,59,2227.4256088265315,4942.811778160071,0.12386319659442724,blues
112.34714673913044,55,2085.1594475651855,4221.149475286619,0.11339689555921052,blues
143.5546875,70,1882.9193674570267,2764.099952532411,0.03939318583107585,blues
135.99917763157896,66,2375.102119678053,5198.360232893528,0.09257049088138544,blues
151.99908088235293,75,1908.052721904035,2620.5924869690884,0.03690378289473684,blues
117.45383522727273,43,1709.1939375520112,2312.577682825803,0.03533878857875387,blues
151.99908088235293,73,1670.3699185470473,3069.356440021527,0.06719384916795666,blues
129.19921875,62,2463.394088320833,5403.783990724168,0.10228887504837461,blues
89.10290948275862,43,2367.695874713366,5188.551958869485,0.09786448759191177,blues
99.38401442307692,49,1480.933763635751,1830.7889294698143,0.04793735185274768,blues
143.5546875,71,1673.9156134044702,2638.117380998452,0.059416496347716716,blues
112.34714673913044,54,2531.4491585109317,5771.631766398994,0.12091612446787926,blues
103.359375,48,1398.954703655198,2290.444483328899,0.04802843217879257,blues
103.359375,51,1447.8399338058712,2325.1026070892995,0.047297899937113,blues
151.99908088235293,65,2310.305515615935,4849.49567576311,0.07534497145897832,blues
172.265625,81,1410.9479544080618,2134.41209350208,0.04832397083010836,blues
99.38401442307692,49,1731.1922519421796,2930.540612755176,0.0637176797116873,blues
143.5546875,72,2130.376825874638,4685.046670163748,0.0983489895752709,blues
92.28515625,41,1703.507382291485,3175.272466228473,0.07479924535603716,blues
123.046875,61,2002.6501916232642,3806.4853160373937,0.08306639113293343,blues
107.666015625,51,1285.201240387021,1453.8828752358263,0.025639678671633127,blues
78.30255681818181,38,2358.443292548332,5267.60148086784,0.12473545133513932,blues
151.99908088235293,71,2004.0008502510527,3015.831763677922,0.03937580120452786,blues
99.38401442307692,48,2158.3359628818553,4482.4478952508225,0.10056968665344428,blues
143.5546875,69,1972.2022614982557,3470.4040149417087,0.058235853449109906,blues
172.265625,83,1530.4370614843303,2074.679121365857,0.03206556574109907,blues
129.19921875,63,2180.4386914668803,5077.1526324859715,0.16758439858262383,blues
107.666015625,52,2372.1646427132314,5614.4493835260255,0.14631846519446595,blues
123.046875,52,1481.2842588449469,2234.878152664232,0.05887114817143963,blues
80.74951171875,40,1973.7390701415943,3944.451148443547,0.0792153184258901,blues
83.35433467741936,40,2054.779113106222,3495.653862259336,0.056131935710139316,blues
83.35433467741936,39,1573.3089743924024,2478.3766802619484,0.051987591911764705,blues
135.99917763157896,67,1911.485151692641,3005.773491165586,0.05256015080785604,blues
92.28515625,45,1494.8924390357809,2811.108001614503,0.07235897288602941,blues
161.4990234375,79,1512.6209828983215,2767.2749333337365,0.06298072271671827,blues
107.666015625,54,2100.004334807409,4390.031787411716,0.14228825524864552,blues
135.99917763157896,66,1748.3624480992842,3580.945013182082,0.1015001421004257,blues
92.28515625,42,2444.1440114924962,5711.257131476152,0.15435583155959753,blues
89.10290948275862,44,1987.3204157951138,4062.942098611649,0.10338599615421827,blues
112.34714673913044,55,2119.7260567369476,4732.338050865906,0.11714895148026316,blues
92.28515625,44,1911.9860367064261,4066.4670772965846,0.1524378537393576,classical
161.4990234375,65,1464.7107229101764,2838.2245043113876,0.09395219076528638,classical
143.5546875,69,1574.218758301083,2615.0591870948624,0.07585706208881579,classical
95.703125,43,1706.919815911316,3077.806388925842,0.09672579455301858,classical
123.046875,62,1517.28538449701,2082.5040740494387,0.06632537369388544,classical
67.99958881578948,24,1029.9915452537361,1037.2853943437983,0.04129340109810371,classical
95.703125,47,1525.0447373783763,2289.4528226586685,0.057591488486842105,classical
89.10290948275862,43,1417.8874326346381,2417.5937144748937,0.08111553369291796,classical
99.38401442307692,47,1579.3098868178881,2737.933444091041,0.07292321739551083,classical
184.5703125,94,1865.8487584368072,3780.6271390649185,0.1234924505369582,classical
103.359375,50,1670.92444773489,2780.841517965122,0.08592124915344428,classical
143.5546875,62,897.9943189328015,1158.4513283366389,0.05211230771091331,classical
151.99908088235293,65,1539.5569803150297,2163.5285841053114,0.06055896865325077,classical
135.99917763157896,66,1740.355038406224,3573.061727517899,0.11752045339106038,classical
161.4990234375,76,1371.0499732024318,2397.0521720201236,0.08109777113970588,classical
129.19921875,65,1304.6038035798838,2139.1787313455397,0.068293993687113,classical
151.99908088235293,74,1151.8816482152479,1823.6806391193402,0.06115495900251548,classical
123.046875,55,1415.5428911584668,2462.126778522881,0.07881698372194272,classical
107.666015625,48,1502.8957260222567,2440.360243475474,0.059410449521091334,classical
129.19921875,55,1552.0890396261798,1610.948592147591,0.051040885618227554,classical
99.38401442307692,45,1884.700007201696,4296.62401890238,0.16668644482875386,classical
151.99908088235293,75,1371.5282340741624,2292.91113508006,0.07164771490421827,classical
80.74951171875,39,1411.5926414076798,2031.9960461312403,0.07170553768382353,classical
95.703125,45,1558.9528490936884,2717.0085706208883,0.09824505974264706,classical
117.45383522727273,46,997.1419965234242,1401.2831932989068,0.05079296572658669,classical
89.10290948275862,18,1813.316458852605,2809.941342002467,0.07404603751451239,classical
129.19921875,37,1964.9120078139788,3633.9863591149865,0.11161308170472137,classical
78.30255681818181,40,1388.5558976974628,1764.672662599168,0.059341288941563465,classical
184.5703125,88,1696.938575798226,2927.3072989732486,0.07015490458107586,classical
95.703125,45,1868.9219175847384,3325.1048935456174,0.08068318558920279,classical
161.4990234375,73,1735.0812407599308,3161.25588431816,0.10895928066950464,classical
112.34714673913044,51,1136.1422528831902,1433.449665459317,0.03945743336397059,classical
172.265625,84,1538.935290859348,2521.9847499032508,0.07171347414376934,classical
95.703125,43,1403.9756059575882,1852.513798102506,0.044227245791408666,classical
129.19921875,56,1337.7625051510597,2104.7039398098877,0.07093910240905572,classical
117.45383522727273,49,1525.3480955162795,2652.725625997726,0.0726431737374226,classical
95.703125,47,1607.5340769983825,2833.4578664679275,0.11627820844620743,classical
69.83741554054055,32,1522.6843015398392,2443.6185571062306,0.079280321812113,classical
99.38401442307692,47,1494.742480051745,2496.7265693026798,0.07686121323529412,classical
143.5546875,72,1480.5218664318231,1821.1806542364068,0.08186836360777863,classical
117.45383522727273,52,1448.7435905958473,2489.5016129910023,0.08737929022349071,classical
161.4990234375,80,1646.2929709871441,3175.7391300732875,0.1128666644494969,classical
95.703125,45,1883.2585657082163,4066.550410126016,0.151986231375774,classical
135.99917763157896,68,1295.6894515844415,1007.277242465654,0.04503222958591331,classical
123.046875,55,1325.839315786041,1013.4855382582721,0.047511806428986066,classical
143.5546875,28,1375.873089355059,2165.7702372170083,0.05439309512867647,classical
99.38401442307692,35,1455.684587099021,1947.038226526219,0.04766448880127709,classical
95.703125,45,1439.02656635677,3071.923091168005,0.13095801385932662,classical
103.359375,50,1570.5336251769952,2868.1493233601004,0.08621640987809598,classical
143.5546875,22,1702.174919595113,1993.6712778758708,0.046355350836880804,classical
99.38401442307692,49,1599.9591017638204,2784.9164933243032,0.09004972003192724,classical
83.35433467741936,37,1562.1588995925958,2620.2841555001937,0.07575237640286378,classical
161.4990234375,76,1615.509457444962,2522.4097473333495,0.07085595854295666,classical
184.5703125,86,1502.5811648255053,1901.213503622049,0.0622955416747291,classical
107.666015625,53,1595.535984594608,2360.219061411571,0.049492898002128485,classical
89.10290948275862,32,1944.7963016880992,1873.613670514464,0.04229906395123839,classical
161.4990234375,74,2436.3554414966125,4994.71146432977,0.12697013169988391,classical
161.4990234375,79,1320.769334487984,2181.97847254136,0.07066888484423374,classical
86.1328125,43,1780.9422687322447,3426.854278281008,0.12435714674438854,classical
95.703125,36,1332.0760426712739,2153.69531023244,0.06593875471652477,classical
103.359375,48,1205.2704701829189,1207.567698003338,0.03658178937693499,classical
103.359375,45,1455.251726418481,2347.185806888545,0.07053623258513932,classical
161.4990234375,79,1311.8149730792509,2233.269829056211,0.08174818292859908,classical
135.99917763157896,58,1578.5636815986038,2922.0656640020316,0.09221523981714397,classical
117.45383522727273,53,1358.6253807099508,2353.1274376269835,0.06372448239164087,classical
135.99917763157896,67,1440.791445030641,2570.001126221459,0.07956679022349071,classical
107.666015625,52,1588.175467416939,2732.97514073989,0.09158788155476007,classical
215.33203125,95,1554.5106174668213,2749.1917093471848,0.0879189694998065,classical
151.99908088235293,57,1112.2454130054753,1695.881411903783,0.06072601223877709,classical
123.046875,57,1898.059828714824,3366.512976489938,0.10401637782991487,classical
71.77734375,30,1499.5326169159782,2915.9740341706174,0.10895172213622291,classical
215.33203125,106,1516.2085229561187,2667.9005342371324,0.07314694998065016,classical
103.359375,53,2274.309912015473,4467.431319387336,0.10944642813951239,classical
107.666015625,44,1929.8107584775403,3235.663767717202,0.09525792738970588,classical
172.265625,86,1642.2011678894871,2770.9165779798764,0.087271581124226,classical
95.703125,46,1357.9930358443887,749.0621371904025,0.036054203753869966,classical
143.5546875,69,1615.1168674623216,1907.4134661317241,0.031537602191369966,classical
151.99908088235293,59,1339.0723988523537,2376.66062865833,0.07583589819562693,classical
143.5546875,66,1558.3881491925488,2836.6578471180824,0.07523877406636997,classical
198.76802884615384,96,1326.718842916638,2172.5701960985875,0.09385279605263158,classical
83.35433467741936,40,1615.769538442078,2812.832991183727,0.09520237217008513,classical
117.45383522727273,47,1466.9316446723103,2235.9031464662344,0.0608847414376935,classical
135.99917763157896,40,2079.6637015965525,3220.8471906443497,0.06010507872968266,classical
129.19921875,60,1456.1845866422443,2598.7509523751937,0.08088953354779412,classical
112.34714673913044,56,1441.1438309855714,2387.2188981472523,0.0877715781008127,classical
143.5546875,66,1370.5741195078974,2389.5022176736647,0.0684731309258901,classical
161.4990234375,79,1572.4529174510183,2568.6178012529026,0.07211672189434984,classical
135.99917763157896,67,1551.6274336122917,2732.316811387384,0.10825822670762383,classical
234.90767045454547,117,1582.8015509670101,2560.2595184609618,0.05627025686919505,classical
123.046875,57,1465.9043702965919,2655.1172782023996,0.07356796028444272,classical
107.666015625,40,1367.0988729501762,2237.361470981279,0.06844629813273993,classical
123.046875,52,1108.440322119053,1457.2078551301277,0.051046554518188854,classical
161.4990234375,76,1008.6550158359522,1236.0675256687791,0.04834475679663313,classical
117.45383522727273,56,1651.3792059139419,2841.574484054518,0.09329951141640867,classical
135.99917763157896,68,1171.9157959545241,1456.6661917388255,0.05344941224845201,classical
143.5546875,69,1353.6162242191797,2295.177788040586,0.0698128809500774,classical
117.45383522727273,57,1659.6226140008785,2476.5683578632934,0.06374980347813468,classical
151.99908088235293,76,1590.2333285288778,2473.626708984375,0.07612614587364551,classical
135.99917763157896,67,1629.5007047891386,2973.7820179469813,0.07878788336880804,classical
112.34714673913044,25,1151.0280783776084,1731.7228618421052,0.05794825125773994,classical
129.19921875,63,2842.0528979361193,6062.663339904218,0.12956497617550308,country
117.45383522727273,57,2261.3793893088673,4798.895981732537,0.10609270692240712,country
112.34714673913044,55,2773.1029929178335,6003.997027984714,0.12843724300986842,country
92.28515625,44,2387.530598072175,4914.653615095298,0.12361565462945047,country
80.74951171875,38,2127.1160422511193,3768.5688786462365,0.07651125314434984,country
86.1328125,42,2847.6429186234113,6220.395719451432,0.10713729622194272,country
112.34714673913044,55,1632.9745058466078,2756.025001360536,0.06108731012964396,country
107.666015625,51,1648.5677100348228,2880.432582418247,0.06017386138254644,country
117.45383522727273,54,2848.1067485730414,6349.153274205447,0.12416100280572756,country
172.265625,81,1458.3590999664675,2216.5282636235006,0.050243082430340556,country
99.38401442307692,49,2545.5721412653465,4581.113965297262,0.10437125096749227,country
112.34714673913044,52,1709.0616899254248,3242.2387279593167,0.09886750495839783,country
83.35433467741936,40,2331.783937410789,3052.5315417593847,0.03548126693111455,country
135.99917763157896,68,2491.4510235029375,5071.602666045859,0.1343000193498452,country
95.703125,47,2948.092200612641,6926.2747844306305,0.15687886996904024,country
143.5546875,71,1729.5708080902307,2924.0573186254355,0.05955141616679566,country
78.30255681818181,37,2248.3576217385516,3360.221347867889,0.0665200059258901,country
143.5546875,72,2160.156325397993,4477.806256651509,0.1082567150009675,country
117.45383522727273,58,1690.8097779866391,2980.456977584414,0.0617449025251548,country
78.30255681818181,38,2647.5577593725925,5621.4910076129545,0.13296442651896284,country
184.5703125,89,2141.8023383025516,3447.795818317047,0.06805325440208979,country
103.359375,50,2878.9814413851964,6399.852967631337,0.11293582502902477,country
112.34714673913044,52,2187.7635052334704,4094.358575307179,0.09529609798277863,country
123.046875,60,3053.0805276749784,7442.58832901993,0.21237475510352166,country
95.703125,45,2242.2443572348216,4841.754055908959,0.11375403625677244,country
151.99908088235293,73,2146.9450028597444,4208.866216228474,0.09426624782314241,country
117.45383522727273,58,2036.0150473363565,3873.3349118070337,0.07890693026799536,country
143.5546875,70,1396.0066646328637,2421.143693008659,0.060543095733359135,country
129.19921875,63,2735.991304925361,6171.979345551954,0.13645079999516255,country
103.359375,50,2531.8525090672942,5213.060144005176,0.08685812935371517,country
135.99917763157896,64,2011.6083377638129,3510.370439936871,0.052538986914667185,country
92.28515625,46,2140.5550523635156,3908.2513673386707,0.0973951026751161,country
151.99908088235293,71,1873.5079064164377,3556.561827290538,0.08227350099167957,country
129.19921875,60,2898.5672679586537,5807.381550224942,0.09585618529895511,country
117.45383522727273,58,2085.58234146298,4031.808953536184,0.07831736467202012,country
64.599609375,31,1237.7829102110338,1444.441265661281,0.03538187221845975,country
89.10290948275862,44,1885.771478373075,2925.2739779351296,0.05981898824496904,country
112.34714673913044,55,1745.8397938213411,3108.264538082914,0.06299281636996903,country
151.99908088235293,74,1840.0843124723858,3556.6534934029123,0.09412943837074303,country
129.19921875,65,2116.279486261904,4111.441805340557,0.08110419589299536,country
75.99954044117646,36,2105.4834878372726,3908.2263674898413,0.06020787478231424,country
143.5546875,68,2560.528371254279,5043.4278364152,0.10633306828076626,country
117.45383522727273,58,2482.4434368941397,4127.38337561073,0.0639731581366099,country
99.38401442307692,48,2206.139274697539,4016.384046808485,0.0676016320385062,country
112.34714673913044,54,1970.1306825599459,4048.7921841742454,0.09476964613970588,country
83.35433467741936,38,2618.0420834247384,5187.1019676373835,0.0741337165005805,country
78.30255681818181,39,1933.7987025321063,3843.9267563007934,0.11589196739551083,country
112.34714673913044,55,1782.78484002187,3175.039134306066,0.06718742441466719,country
86.1328125,42,1716.0813515078473,3054.864860983456,0.068123926688274,country
143.5546875,70,1667.2117766689134,2583.926042019398,0.05250308388157895,country
69.83741554054055,34,1930.3755203552178,3068.8064433472814,0.04291659612035604,country
89.10290948275862,43,2297.18912756198,4956.6950275432955,0.10825444744098298,country
143.5546875,68,1409.5866761543373,2590.392669583253,0.0665252968991873,country
143.5546875,71,1806.062845010436,3159.772559954286,0.07391451903541021,country
135.99917763157896,68,3036.164479338076,6568.810279302922,0.12474225401509288,country
99.38401442307692,46,2188.1918793421014,4435.639844959365,0.08940724470297988,country
103.359375,50,2715.987266198682,5389.467410627903,0.08702592879256967,country
66.25600961538461,32,2573.3741432487495,5478.441872611504,0.10473972946497678,country
112.34714673913044,55,2798.4337831885277,6046.688436502273,0.11010515431501548,country
86.1328125,41,2036.5948672828401,4059.808784225039,0.09301795605166409,country
151.99908088235293,71,1824.136756048308,3290.546769180534,0.06975279061048761,country
107.666015625,51,1700.9142035410262,2496.526570512045,0.05483186798568111,country
107.666015625,50,1392.0023605472102,1943.9132454225523,0.04559534031540248,country
99.38401442307692,48,2437.8218301428337,4234.291062487906,0.08500288735971362,country
66.25600961538461,32,1865.9870550247556,3237.997086941273,0.060115282749613,country
89.10290948275862,42,2152.2943787254517,4416.31496181429,0.10102962340363777,country
112.34714673913044,56,1826.4443577809502,3007.031816889996,0.07581624600909442,country
117.45383522727273,56,1779.1625140927972,3233.8971117332626,0.06475622218459752,country
129.19921875,63,2839.611506877521,6279.31202985923,0.12698751632643188,country
80.74951171875,40,1960.7837025230515,3212.9222385654507,0.054941088791602165,country
73.828125,34,1853.2730535171286,3291.438430455447,0.06926526521381579,country
112.34714673913044,55,2148.556603483403,4163.958154448046,0.07327015407314241,country
135.99917763157896,67,2655.9202471128096,5435.2588004003,0.11928688261900154,country
64.599609375,28,1848.6054991673327,3166.755851060613,0.0592494527621904,country
135.99917763157896,66,1696.928537634768,3117.381149622678,0.07112353062113003,country
161.4990234375,75,1996.7540743072018,2412.6354111237424,0.042844034200851394,country
66.25600961538461,31,1443.3608933615058,2221.644899350571,0.04985797515963622,country
103.359375,52,1963.4604075269012,3527.4536699702494,0.06606309258900929,country
60.09265988372093,30,1896.2299168979375,3101.231247278928,0.048586629861648606,country
117.45383522727273,57,1862.0553191058268,3505.0121390044505,0.09739925986842106,country
161.4990234375,77,2280.8886059792026,4347.882042285459,0.1025643835864938,country
71.77734375,35,1662.7807764030238,2347.919135787539,0.03547446425116099,country
89.10290948275862,44,1555.3311955327717,2274.0195826480262,0.054208666916602165,country
161.4990234375,81,2212.43536140689,4838.854073444756,0.12121959957914087,country
89.10290948275862,36,1959.9177281855248,2966.6737275965074,0.06385600087074303,country
172.265625,87,2277.6589051936517,4794.562674602119,0.10237579818111456,country
89.10290948275862,42,1761.610245350575,3218.172206819611,0.0672293742743808,country
80.74951171875,38,1234.7167723243808,1752.7477347075755,0.04576843072755418,country
89.10290948275862,43,2053.119116776904,3440.595861854199,0.06406763980263158,country
184.5703125,91,1558.0878567999678,2922.548994412732,0.08784300624032508,country
83.35433467741936,40,1462.0028026707178,2117.4205295810757,0.050959631385448914,country
67.99958881578948,33,1985.597023956575,3790.6937448601975,0.07543756349167957,country
83.35433467741936,38,2017.3293194129888,3661.544525807856,0.058282716355456655,country
86.1328125,42,2369.969616470769,4097.616888937935,0.09561053296729877,country
135.99917763157896,66,1972.027627355569,3883.251518509336,0.0990303913506192,country
129.19921875,62,1907.4024511864604,3425.6292856883706,0.0824598188370743,country
112.34714673913044,56,2050.3940294325857,3646.9946137891834,0.0848248839009288,country
123.046875,60,1195.410064855646,1638.990089251161,0.038680794069272446,country
151.99908088235293,76,2919.8883978803406,6247.020558454673,0.12115799753289473,country
73.828125,34,2016.0697737618789,3188.930716972233,0.05730313044214396,country
129.19921875,64,2626.3108380584663,5855.472926089638,0.09977263931888544,disco
112.34714673913044,55,2383.9089976542377,5545.749798943015,0.15116461880804954,disco
129.19921875,63,2759.729292028117,6019.138603092347,0.13478414340654024,disco
107.666015625,52,2599.726702742229,6131.879588029702,0.16269251584268576,disco
123.046875,60,2564.5739377770087,5342.88435897591,0.11443506010545666,disco
95.703125,47,3007.9072466787557,6863.758495791409,0.13097653226586686,disco
112.34714673913044,55,2613.8220578077407,5711.048799402573,0.13174939229392416,disco
107.666015625,46,2302.6053115699633,5019.069650372485,0.13708722849748453,disco
123.046875,60,2348.0983259350787,5038.361200385788,0.09981534503192724,disco
117.45383522727273,56,2143.896583551609,4198.799610433195,0.10366263847232972,disco
107.666015625,45,3304.9565159823674,7422.105119545762,0.1240548054131192,disco
112.34714673913044,56,2530.916223479016,6001.438710121179,0.15595068208204335,disco
123.046875,58,2162.9201332702137,5061.694392626499,0.16987803550696595,disco
135.99917763157896,66,2480.550441392287,5776.473403788941,0.12995726405282507,disco
184.5703125,88,3108.9550745904303,7204.406435939919,0.15957688842395512,disco
103.359375,52,3031.864320608488,6848.700253513206,0.13853393176760836,disco
123.046875,61,2575.8218416467603,5080.377612984956,0.0996603950996517,disco
112.34714673913044,56,2100.058517153824,4726.188088053889,0.1514639367260062,disco
117.45383522727273,57,2766.2175440717315,6514.760606133901,0.18854685685952013,disco
129.19921875,64,3198.874412998907,7771.178008749758,0.19009560032894737,disco
123.046875,61,2490.5706034471855,5506.541702695676,0.16366529907604488,disco
129.19921875,63,2623.3938647919376,5954.6306598297215,0.17065354102167182,disco
107.666015625,52,2209.0209928994973,4515.73102732561,0.08364121758900929,disco
123.046875,60,3188.498151187096,7726.703277682373,0.1982474784732972,disco
117.45383522727273,56,2099.9098919005987,4164.299819048713,0.09247298580205109,disco
123.046875,58,2387.328501509095,5419.342229978957,0.13824595164957432,disco
123.046875,58,2670.214277911846,5388.834081124226,0.12076004075561146,disco
161.4990234375,79,2114.9888477470986,4351.123689350329,0.10330171850812693,disco
129.19921875,63,2709.816171766153,5606.199433412346,0.12025853207236842,disco
107.666015625,53,2569.155880175184,5469.391927335285,0.14455203596652477,disco
123.046875,60,2898.0582552116857,6680.934601302486,0.17381451964009287,disco
129.19921875,64,2245.246234504256,4743.654649102651,0.1109932819756192,disco
107.666015625,51,2190.014692922584,4525.914299082092,0.10026696739551083,disco
107.666015625,52,2309.0042320993807,5371.900850183823,0.15772391398993807,disco
135.99917763157896,62,3047.608463727149,6935.124730916215,0.1508622774767802,disco
129.19921875,60,2388.104397878919,5024.436284587849,0.12449924717008513,disco
103.359375,50,2178.5523734795956,4956.578361582092,0.13440697259578174,disco
99.38401442307692,45,2079.401701707041,4203.599581408427,0.09159921935468267,disco
123.046875,62,2269.7314524496796,4828.429136482924,0.1102181543875774,disco
103.359375,51,2394.9497468238856,4901.403695215751,0.12167764669601393,disco
129.19921875,63,3234.1757024838234,7835.319287562887,0.18083450742550308,disco
117.45383522727273,54,2277.9019484967394,4944.086770450368,0.11760246347716719,disco
99.38401442307692,48,2414.165042887749,4956.820026787442,0.08475043234810371,disco
117.45383522727273,56,2400.8266594979245,5268.99313911934,0.11753292497097523,disco
135.99917763157896,68,2533.3985250416217,5352.534300624033,0.12638850256385448,disco
103.359375,51,2812.593397276183,6529.785515280331,0.156306688999613,disco
117.45383522727273,55,2210.8253557690396,4352.890345334268,0.09003346918537151,disco
92.28515625,43,3398.2632140715696,8074.176176561291,0.1533482790731424,disco
161.4990234375,77,2452.626215589553,3874.5099047020126,0.053842455979102165,disco
129.19921875,64,2072.0022905469755,4398.073405451819,0.11041618795955882,disco
123.046875,59,2437.482421711454,4645.071911885642,0.1095964650251548,disco
123.046875,60,2806.5008485732583,5437.617119473201,0.09018917497097523,disco
129.19921875,63,2165.019947953517,4558.322436447852,0.12191385086106811,disco
117.45383522727273,56,2565.714203150172,4887.90377684791,0.09633501838235294,disco
123.046875,59,2208.6661206182557,4920.761911492598,0.13532117719620743,disco
112.34714673913044,55,2935.0139370421375,6730.525968096943,0.15100324412248453,disco
123.046875,59,1620.2601359613343,3238.955414479731,0.08702290537925697,disco
123.046875,59,3229.4100420647424,7702.8034222015285,0.1764282604489164,disco
86.1328125,40,2208.3195322935508,4740.338002491292,0.11643089081849846,disco
123.046875,57,2424.943830022039,5449.517047515964,0.16440792497097523,disco
99.38401442307692,50,2155.8503066622357,4983.861529937839,0.15437434996613777,disco
123.046875,59,2272.8355576135054,4889.070436459946,0.11426008005998452,disco
123.046875,60,2431.450978571872,5384.359108183775,0.11262743687113003,disco
135.99917763157896,63,2709.9485546843475,6405.6862656915155,0.15430745694659442,disco
129.19921875,64,2396.775584346048,5459.4753206329815,0.14616918416215172,disco
129.19921875,62,2722.5687272359764,6212.679099446111,0.14965177837171054,disco
112.34714673913044,54,2431.94515216258,4868.128896423907,0.10118608504256967,disco
112.34714673913044,56,2460.1696606394185,5925.255837455254,0.17636703632933437,disco
123.046875,60,2431.450978571872,5384.359108183775,0.11262743687113003,disco
123.046875,62,1874.7323545450072,3803.760332514996,0.09448204394833591,disco
135.99917763157896,65,2277.786755344384,5114.502406636997,0.13862576794698142,disco
129.19921875,65,2190.8445486307487,4364.4902751910795,0.07365715097716719,disco
123.046875,59,2987.3183355529104,7044.632402071643,0.16828847595781735,disco
129.19921875,61,2728.2861002493364,6098.254791354248,0.1402841101489938,disco
107.666015625,53,2258.379443917192,5005.928063171198,0.12878191212751547,disco
129.19921875,64,2109.1289203492706,4424.039915102554,0.1118704497629644,disco
123.046875,60,3000.917106849203,6838.300316400203,0.14359928284636223,disco
112.34714673913044,54,2449.6117132461354,4959.553343592783,0.12327627648510062,disco
135.99917763157896,67,3013.280271856623,7057.77398927293,0.16205155222039475,disco
123.046875,61,2368.7304168556852,4609.855458168054,0.10974196679082818,disco
135.99917763157896,67,2353.745121157833,5075.519309029121,0.09361054506095201,disco
123.046875,61,2745.836842340488,6575.085241359085,0.15866457345684984,disco
123.046875,61,2023.5347362902253,4385.00681779702,0.13146859278250775,disco
112.34714673913044,55,2533.4177860597993,5521.049948299632,0.11465010037732198,disco
123.046875,59,3111.8215190633687,7196.339818050987,0.16905150989260836,disco
107.666015625,53,2190.5878700759486,4919.303586977554,0.12770671076818885,disco
107.666015625,54,2311.827735851025,5185.285311955786,0.1346148322610294,disco
112.34714673913044,55,2990.704113888976,6349.811603557952,0.10124882086880804,disco
123.046875,59,2276.049869852959,5008.153049717009,0.11808431997387771,disco
89.10290948275862,43,2042.735885210467,3816.093591270801,0.07696816648123066,disco
99.38401442307692,46,2289.3285721683383,5182.9019930340555,0.14330827931501547,disco
107.666015625,52,2624.0719890830214,5865.939529466186,0.15032410990712075,disco
117.45383522727273,58,2969.134553153856,6611.985018231182,0.1315751681017802,disco
129.19921875,47,2306.785955516246,4882.120478485391,0.09617402162345201,disco
123.046875,62,2485.844194343171,5585.282893225135,0.11589045568885449,disco
123.046875,58,3249.4075336340934,7806.994458839251,0.17289993711300308,disco
135.99917763157896,67,2302.2778903214958,5470.533587098491,0.184138720249613,disco
129.19921875,63,2089.973166175907,4251.3326261065695,0.09303307311822756,disco
129.19921875,64,2680.4828040660295,6233.503973520947,0.12049624794407894,disco
123.046875,60,2404.135826455663,4947.636748984133,0.06485183763061146,disco
198.76802884615384,97,2735.904595558812,6353.994911595395,0.16916602167182662,hiphop
71.77734375,34,2510.8100651274844,5795.106624449739,0.1246141368759675,hiphop
95.703125,47,2116.5884106851317,4663.488467189919,0.12547203040344426,hiphop
117.45383522727273,55,2262.47624248504,5266.451487821691,0.10805943728231424,hiphop
95.703125,47,2996.5227895996018,6892.574988208688,0.15500095237519348,hiphop
135.99917763157896,66,2240.775518771958,4581.08063216549,0.0941872611503483,hiphop
92.28515625,43,2763.7606301524647,6030.721866383272,0.10257420967976007,hiphop
92.28515625,45,2942.385071801853,5931.4391333990425,0.08562004160216719,hiphop
99.38401442307692,49,1909.6810221830556,3093.439627727119,0.05873774005901703,hiphop
99.38401442307692,48,2496.918194267007,5176.660364109665,0.07013033934791021,hiphop
99.38401442307692,47,2712.5127912843764,5968.747241135352,0.11079033535700464,hiphop
95.703125,46,3272.1260888815896,7338.447292079866,0.10935685952012383,hiphop
123.046875,59,2854.494180300414,6395.411327822659,0.11568637529024768,hiphop
103.359375,51,2303.364361007687,5017.777991516302,0.11085004776993033,hiphop
103.359375,51,2834.0363071405873,6312.886826837026,0.17240182976973684,hiphop
151.99908088235293,73,2249.237572588045,4411.214992653106,0.054190904363390094,hiphop
92.28515625,45,2664.5818980700737,5555.958070548326,0.12015460223974458,hiphop
95.703125,46,3286.498388273372,7476.346458222475,0.10757606907894737,hiphop
95.703125,47,2748.0264021281496,5683.74896448094,0.09572391096652477,hiphop
112.34714673913044,54,3321.1877948930733,7619.453926204528,0.12631934198432662,hiphop
198.76802884615384,93,2730.384993997698,6160.612747617551,0.15224662284732973,hiphop
99.38401442307692,49,2639.9826427287944,6049.246754365809,0.12823807565789475,hiphop
112.34714673913044,55,2295.667163160207,5419.9838927655765,0.15760335538409442,hiphop
95.703125,48,2626.4927744844913,4931.945177202254,0.09669745005321208,hiphop
95.703125,47,2780.0160741899667,5317.059515135207,0.0886033946884675,hiphop
80.74951171875,37,2783.17794477881,5276.534760182856,0.10152508526025542,hiphop
99.38401442307692,48,2268.8133318394625,4987.661506959897,0.11973245815595976,hiphop
99.38401442307692,49,2272.8191103443282,4603.638829092492,0.0753997708252709,hiphop
95.703125,47,2682.023209002158,5394.20071533959,0.07745040090460527,hiphop
99.38401442307692,48,2521.7471307504693,3999.867480015238,0.05136250120936533,hiphop
95.703125,47,3025.1368300341,6667.5096824811335,0.1268197168875774,hiphop
143.5546875,69,2337.2581255503355,5366.4258832902,0.1457859665247678,hiphop
95.703125,47,2601.4287717830152,5000.22809763811,0.09149226610874613,hiphop
117.45383522727273,58,2603.5536971836464,6277.953704739502,0.15219749238099844,hiphop
99.38401442307692,49,2410.2519611813914,5256.051550708688,0.10016379341621517,hiphop
103.359375,49,1687.5908806601806,3625.0447465170278,0.0966369817869582,hiphop
107.666015625,53,3220.8649696145867,7003.174319429663,0.10707796173568111,hiphop
123.046875,62,2396.8587464221378,5527.033245452786,0.11762400529702012,hiphop
143.5546875,72,2830.6296015929397,6190.487566968605,0.10329945094814241,hiphop
103.359375,49,2285.5130161259967,4790.8043639947755,0.09832480226876934,hiphop
95.703125,47,2358.5178622609064,5059.227740875339,0.09989130829140867,hiphop
92.28515625,44,2441.3745890353525,5527.4999092976,0.09764869146671827,hiphop
103.359375,50,2916.9569548493237,7022.832533892463,0.17347174015576625,hiphop
117.45383522727273,56,2899.9707763903357,6403.194614091525,0.13766243288022445,hiphop
103.359375,51,2578.0864546185067,5294.209653305195,0.09951791674729102,hiphop
103.359375,49,1954.4866124079188,3277.0301842468075,0.05177973224651703,hiphop
99.38401442307692,47,2359.0703637439633,4956.170030717879,0.08034305159152477,hiphop
112.34714673913044,55,2664.1644673409337,5837.356368971314,0.07263901654411764,hiphop
92.28515625,46,2193.80423411284,4728.029743584317,0.10668265044504643,hiphop
99.38401442307692,49,2970.5911856275543,6778.925675430534,0.13644361938854488,hiphop
198.76802884615384,96,2345.9321142710824,5281.951394095879,0.11596868650832043,hiphop
107.666015625,52,2182.028104192241,4819.987520861552,0.11322947404702012,hiphop
92.28515625,44,2330.4497774970564,5126.477334226248,0.10351449122000773,hiphop
135.99917763157896,66,2117.356866181064,4775.87112096072,0.13386653746613777,hiphop
92.28515625,45,2849.9912481693327,6335.586689574062,0.146737207938274,hiphop
135.99917763157896,67,2499.7211656318877,5508.975021315064,0.08769334728134674,hiphop
143.5546875,57,2830.825474061048,7050.3907005853325,0.21284149453366874,hiphop
107.666015625,51,2055.2217305977915,3552.1118541989163,0.07250031745839783,hiphop
86.1328125,42,2575.1903574166336,5273.768110245743,0.07981168670181889,hiphop
151.99908088235293,72,2327.4359451136957,4965.353308521188,0.10450163566660217,hiphop
107.666015625,51,2341.6044842750316,5353.609294123694,0.10066983721942724,hiphop
184.5703125,94,2941.2199597914096,5996.2970745452785,0.1125715037248452,hiphop
112.34714673913044,55,1933.7448229274298,4074.867026503241,0.10514864611551858,hiphop
92.28515625,45,2285.9582531603646,4218.374492066563,0.06300302038989938,hiphop
151.99908088235293,75,2526.391822067238,5731.932006458011,0.11598796076818886,hiphop
184.5703125,92,2201.023327085021,3805.251990161813,0.06727699303405572,hiphop
95.703125,48,2626.4927744844913,4931.945177202254,0.09669745005321208,hiphop
99.38401442307692,48,2427.9099402505594,3618.7947843096945,0.04244418779024768,hiphop
107.666015625,53,1811.556741800703,3489.1622348466526,0.08312648147252322,hiphop
103.359375,50,2350.976456931372,5411.675609671294,0.1385550956607972,hiphop
129.19921875,61,3139.404459055645,7081.765510866147,0.1209660107875387,hiphop
99.38401442307692,47,2197.949780559566,4478.7645841899675,0.0798679977747678,hiphop
112.34714673913044,54,2392.2417624348855,5535.29152884941,0.1272399713380418,hiphop
99.38401442307692,45,2110.019782194664,4276.807472063661,0.08725570820433437,hiphop
89.10290948275862,43,2225.1329367361413,3847.7517331716813,0.06156538735971362,hiphop
92.28515625,44,2700.472517019932,5746.431918779025,0.11459341137770898,hiphop
117.45383522727273,56,2389.36273349212,5600.357802069224,0.14991216984326625,hiphop
172.265625,82,2349.351519396498,5752.831880079334,0.17691578584558823,hiphop
117.45383522727273,58,2558.151812273825,5801.2065875640965,0.12089987362132353,hiphop
123.046875,59,2268.53301539857,4551.822475752225,0.07867374951625387,hiphop
99.38401442307692,49,2247.453127987764,4920.553579419021,0.11047967963912539,hiphop
107.666015625,44,1916.8143824241222,3798.2436992066564,0.1015708143866099,hiphop
92.28515625,44,2630.9037811739995,5629.774290858408,0.1028002098248839,hiphop
92.28515625,44,2508.0386795227028,4930.636851780186,0.10955073589880031,hiphop
184.5703125,88,2052.3052538765173,3686.661040598394,0.05390783729198916,hiphop
184.5703125,94,2941.2199597914096,5996.2970745452785,0.1125715037248452,hiphop
92.28515625,45,2483.809877386605,4815.462548223442,0.0793853854247291,hiphop
89.10290948275862,39,2279.0883074527414,3889.3264817748645,0.05145433738873839,hiphop
117.45383522727273,58,2350.9824305291804,5474.5252296282415,0.14734075682082043,hiphop
99.38401442307692,49,2441.6488809291914,4529.626124182413,0.07872191436531008,hiphop
89.10290948275862,43,3205.00733422137,7641.4537931743425,0.1727574587606424,hiphop
129.19921875,63,3055.5249113018203,6682.134594046294,0.10872005309113777,hiphop
103.359375,52,2881.18742363984,5857.672912786619,0.08231280536474458,hiphop
172.265625,86,2413.908466971075,5209.576831734956,0.13613863257062694,hiphop
103.359375,49,2163.918800481223,4926.5702097039475,0.13887293198529413,hiphop
92.28515625,45,2494.731981524413,5320.317828765964,0.12218709183920279,hiphop
117.45383522727273,56,2344.7896509800876,4537.039231811145,0.14338613220781735,hiphop
184.5703125,84,2213.2019605037126,4411.30665876548,0.09668724603328173,hiphop
95.703125,47,3049.7357641259046,6028.54687953512,0.06926450936048761,hiphop
107.666015625,50,2227.3842439808955,4815.67088029702,0.10742111914667182,hiphop
64.599609375,28,1422.3030976517862,1838.2138845721265,0.04776879656056501,jazz
129.19921875,64,1920.1033503385204,3046.5482446062306,0.05122229041698916,jazz
73.828125,35,1738.3494248334462,2820.9746086191467,0.06986427897639319,jazz
151.99908088235293,67,2090.7790585502385,3504.462142330205,0.06752226743904799,jazz
107.666015625,51,3147.820724288913,7234.931251360536,0.14970204261803405,jazz
215.33203125,105,2187.002854254392,4327.257167001258,0.08418656576528638,jazz
103.359375,50,2855.066320892596,6198.129187427438,0.12654912139609134,jazz
151.99908088235293,76,2759.700940000051,5795.05662475208,0.08078258030185759,jazz
215.33203125,102,1762.6913834896577,3353.42138898631,0.0846627533620356,jazz
135.99917763157896,63,2730.715465959675,4328.30716065209,0.04282929506095201,jazz
129.19921875,64,1853.4172931699134,2967.148724724265,0.08824663191756967,jazz
135.99917763157896,62,1691.4229500571107,2410.4187578608744,0.0592777972619969,jazz
112.34714673913044,54,1990.2571662102496,3733.7857556416893,0.07241415017898607,jazz
83.35433467741936,38,2775.056122221872,5013.836348684211,0.08170320965557276,jazz
161.4990234375,77,2108.486548238472,3461.1124044601393,0.06485939616389319,jazz
123.046875,59,1412.2297917943333,2658.6589234532216,0.09955948868034056,jazz
99.38401442307692,47,2095.7993410447048,4029.625633405089,0.07490468689531733,jazz
95.703125,47,1861.6980364887295,3646.2779514560757,0.07951917146381579,jazz
86.1328125,42,2099.9450019886826,4315.540571183243,0.08007358988003097,jazz
112.34714673913044,47,1037.5342313338604,1553.448939840122,0.033065559694272446,jazz
95.703125,48,1887.0848972553317,2729.8001599385643,0.052423719282120744,jazz
123.046875,61,2802.538746695709,6138.062883973491,0.11833828669214397,jazz
73.828125,36,1187.1499183102605,1763.1893382352941,0.04262597051567337,jazz
135.99917763157896,67,2569.4165774820995,4292.274045206076,0.054154245476973686,jazz
172.265625,83,2654.9184260690377,5466.70027694466,0.09449413760158669,jazz
135.99917763157896,62,3220.8756364002975,8257.808399495694,0.2617017433001161,jazz
107.666015625,51,2135.9482357694183,2932.3656017197177,0.03827792424535604,jazz
73.828125,36,1548.6229751516814,2772.1499038554566,0.06121202592879257,jazz
99.38401442307692,48,2069.6193157815046,3340.3631346144543,0.0558798586251935,jazz
80.74951171875,39,2230.519001657189,4355.8986604767315,0.05812512093653251,jazz
129.19921875,62,3007.2511457530077,5927.247492078657,0.06904795738196594,jazz
151.99908088235293,71,2227.1067993984934,3910.7846853533765,0.08743219995646284,jazz
123.046875,61,3036.4112990653052,6863.066833307131,0.11482508042279412,jazz
99.38401442307692,47,2313.040051478613,4398.031739037104,0.061073326843072755,jazz
112.34714673913044,56,2922.5163251118884,6416.569533215219,0.1297546953608746,jazz
95.703125,44,1568.6162755991252,3104.006230498984,0.10063091077302631,jazz
129.19921875,62,1909.5452845443585,3251.9136694562694,0.06140930364744582,jazz
103.359375,51,2126.9481367912636,4247.307650445046,0.0877088422745743,jazz
71.77734375,35,1104.3645625551333,1608.706939035894,0.03772993058243034,jazz
103.359375,51,1247.5414204129497,1810.4640523715655,0.04966409878095975,jazz
99.38401442307692,49,1475.3114866027431,2778.966529302922,0.0548605904121517,jazz
184.5703125,89,1714.846151521108,2713.100260920569,0.05548416940789474,jazz
129.19921875,61,1947.7114671872282,3684.6110529943885,0.0792973285119969,jazz
151.99908088235293,74,1050.4191721045754,1896.0302016314338,0.0578726659249226,jazz
103.359375,45,2065.6756991326884,3805.6603210260255,0.0636243318256579,jazz
107.666015625,53,1210.8266507815256,1133.3681466778735,0.03169028456366099,jazz
103.359375,50,2084.7246679192904,4342.9570720660795,0.0932473575367647,jazz
151.99908088235293,70,1775.3882111190674,3216.888881246372,0.0664005811000387,jazz
83.35433467741936,40,2552.5095097767617,5135.168948335913,0.09557311822755418,jazz
107.666015625,53,1636.5617916271174,2723.9168621807275,0.04627485245743034,jazz
117.45383522727273,54,3302.632488195692,7278.6643202459845,0.10014829842298761,jazz
123.046875,62,1754.4095918535227,2800.3747331837753,0.07846437814434984,jazz
103.359375,51,1543.9748510127831,1954.729846682711,0.05003635654508514,jazz
99.38401442307692,49,3328.9749978109944,8037.4513986309985,0.20684871142124614,jazz
107.666015625,53,2593.3046047255234,5247.234937354876,0.0774182771381579,jazz
99.38401442307692,47,1518.4399166668795,2755.3916718568594,0.076529393624226,jazz
73.828125,36,1642.1064734829301,2831.024547848539,0.061230544335332815,jazz
107.666015625,52,1554.1498219023008,2751.5583617030284,0.05873471664570434,jazz
123.046875,60,1580.4195536842287,2722.683536305147,0.09965699375967492,jazz
117.45383522727273,54,2794.650035351,5023.74462210357,0.0753657574255031,jazz
135.99917763157896,64,1459.2374987448204,2416.718719765867,0.04806244557856037,jazz
107.666015625,50,2728.494919564012,5562.599697053986,0.1078761428502322,jazz
123.046875,60,2687.011898854529,5544.324807559743,0.09815057807662539,jazz
112.34714673913044,52,2259.15466302756,4683.821677571111,0.09940416082140092,jazz
95.703125,47,1779.5985583012741,3573.978388641641,0.07934494727167182,jazz
107.666015625,52,1678.1060401411191,2580.1593981291117,0.03297183388157895,jazz
80.74951171875,40,2598.1366623387416,5154.877162496372,0.09583048628579721,jazz
95.703125,48,1570.08251993849,2468.035076129547,0.05151291602167183,jazz
184.5703125,90,2467.1321805481025,4563.930735868566,0.06479514863099846,jazz
117.45383522727273,56,2067.672329560544,3379.362898788216,0.06871462606424149,jazz
86.1328125,37,1753.4574676619147,2343.452496130031,0.03991094536087461,jazz
99.38401442307692,47,1445.9199356769273,2724.758523757982,0.0765237247242647,jazz
123.046875,59,1539.404422932953,2111.370566164377,0.04151184270994582,jazz
184.5703125,92,2691.239450532889,5813.6731788469915,0.13090245863970587,jazz
117.45383522727273,58,2215.901296046751,4284.24909373186,0.06339606412054953,jazz
95.703125,42,1773.4528377845663,2583.8760423217395,0.06180650457140093,jazz
117.45383522727273,56,2062.1008728255956,3812.6686119811825,0.07357060577109133,jazz
61.5234375,28,1355.4242331150197,1958.0381600111261,0.06483445300406347,jazz
54.978390957446805,25,2485.583897902462,3905.4180511380127,0.06275774598490712,jazz
112.34714673913044,53,2832.895115308496,6065.304990597185,0.15142274271962075,jazz
92.28515625,38,1058.8989210322893,1417.008098212558,0.04467433303502322,jazz
123.046875,58,2420.45407931128,5864.864535966525,0.1813991298616486,jazz
107.666015625,51,1446.0611032489414,2695.3420349687985,0.058650061072948914,jazz
112.34714673913044,55,2041.0014719319413,3659.4112053744193,0.06369991715847523,jazz
135.99917763157896,67,2828.84347925289,6201.179168984617,0.14035780584849072,jazz
99.38401442307692,47,2108.1849012459834,4011.734074926229,0.07692054772155572,jazz
143.5546875,68,2113.5512190655113,3966.6343476381094,0.0626534382256192,jazz
151.99908088235293,70,1792.6558934642642,3460.6707404641543,0.08566917206849846,jazz
99.38401442307692,49,1566.4871142771422,2830.349551930147,0.054945623911571206,jazz
95.703125,46,1559.295685023733,2480.185002660604,0.0424521242501935,jazz
151.99908088235293,71,1638.7828965173671,2631.6507534345974,0.05863569985971362,jazz
69.83741554054055,33,2144.9495130758846,4262.465892118566,0.09357350824787151,jazz
95.703125,46,1498.2746119217732,2444.15188721459,0.042349706124226005,jazz
71.77734375,35,1204.8035549658387,1632.2151302184113,0.03778284031540248,jazz
80.74951171875,38,2566.590600792461,5606.299432807663,0.1475769609858746,jazz
135.99917763157896,67,2013.9258117296015,3375.904586366825,0.04620040090460526,jazz
151.99908088235293,69,1300.6188349865233,1794.4808156866777,0.04257495041602167,jazz
107.666015625,52,1546.3001220869473,2486.20163294553,0.057861328125,jazz
129.19921875,60,1277.8825129834333,2018.671126705205,0.06494254002999227,jazz
135.99917763157896,66,2083.9557484694774,4010.8757467830883,0.07777050478908669,jazz
117.45383522727273,54,1986.988533736697,4148.191583119678,0.09242007606907894,metal
92.28515625,45,2140.5789009954,5129.2856505780765,0.17962174076044893,metal
117.45383522727273,58,2061.9744096338645,4450.08975758272,0.08829727409055728,metal
135.99917763157896,67,2247.53023810192,5345.776008157169,0.17996187475812694,metal
172.265625,81,2183.197654780639,5262.659844082576,0.17691276243227555,metal
151.99908088235293,71,2522.7782131151303,5806.856553399526,0.16837313153057276,metal
86.1328125,39,2407.5163083042326,5674.10735611576,0.15380519241002322,metal
112.34714673913044,54,2227.661612758553,4950.3867323553595,0.12833369110390866,metal
123.046875,56,2151.9052168701905,4708.129863916167,0.11682733588912539,metal
107.666015625,54,2194.6617210282925,5081.660938558195,0.16644079249709753,metal
143.5546875,69,2221.4089826260342,5024.161286250725,0.1428422957381966,metal
112.34714673913044,54,2199.363982946084,4439.32315602022,0.08889326443982198,metal
129.19921875,63,2037.3073315350787,4547.580834734182,0.15180860584365324,metal
143.5546875,69,2250.6876026229506,5321.676153885691,0.16254058932372292,metal
99.38401442307692,48,2297.374627407518,5461.750306876451,0.19402490385545665,metal
151.99908088235293,77,2620.808960088453,6036.880162478232,0.15290156975619196,metal
95.703125,44,2126.9595320599506,4972.811596755273,0.17731298676954335,metal
151.99908088235293,74,2330.7410650628876,5191.40194163603,0.12103592722039473,metal
143.5546875,64,2236.932631998676,5058.086081112132,0.13178756288699692,metal
99.38401442307692,45,2345.8235168123038,5358.750929699594,0.152409131312887,metal
107.666015625,54,2337.701391832612,5485.533496396091,0.17660928732101394,metal
95.703125,46,2697.0575518019023,6670.784662677776,0.18681330725135448,metal
117.45383522727273,58,2758.4038372914306,6187.337586016109,0.14055924076044893,metal
161.4990234375,80,2069.371564011736,4598.83885811726,0.13075015419407895,metal
107.666015625,54,2194.6617210282925,5081.660938558195,0.16644079249709753,metal
117.45383522727273,55,2339.346207776638,5615.007713483214,0.1628051379885836,metal
151.99908088235293,75,2101.123335675655,5198.2769000640965,0.18530764742163314,metal
95.703125,44,2126.9595320599506,4972.811596755273,0.17731298676954335,metal
61.5234375,26,2027.3221173305972,4448.231435486407,0.1442818184017028,metal
117.45383522727273,58,2065.1610534339593,4393.14843523244,0.09332936762287151,metal
99.38401442307692,47,2548.163573808212,5898.380999963719,0.13186541577979877,metal
129.19921875,61,2218.7520056808917,4866.77057130418,0.12830912587074303,metal
117.45383522727273,58,1928.7994789115612,4186.416351979731,0.13738125544214397,metal
151.99908088235293,70,2276.0082238442737,5089.835889125387,0.13858495186726005,metal
184.5703125,94,2358.808568048542,5662.390760297746,0.19654038373161764,metal
161.4990234375,77,2208.8638926177855,5122.769023316563,0.16221897373258515,metal
112.34714673913044,54,2324.2216394982347,5385.359102136948,0.16150658197078174,metal
107.666015625,53,2458.7396164839674,6164.037726907169,0.2284702738003096,metal
117.45383522727273,57,2140.258416089092,4715.679818262626,0.1229134668875774,metal
99.38401442307692,50,1583.3895170362384,3884.859842117357,0.1803178816756966,metal
172.265625,85,2459.0257064204866,5818.22315133393,0.16926541638448142,metal
107.666015625,53,2337.322965870958,5326.034460864938,0.15877568389609134,metal
161.4990234375,77,2235.0377783966233,5291.984666759385,0.16091248125483745,metal
95.703125,46,2118.4003540886447,5087.985900312016,0.14832790126741485,metal
123.046875,59,2092.4526032955614,4748.546286190257,0.1413173616486068,metal
151.99908088235293,73,2115.702649675099,4490.464513442095,0.11576498403637771,metal
135.99917763157896,67,2226.1393150653626,4779.537765455689,0.10698310214299536,metal
135.99917763157896,66,2070.683812486531,4380.923509154895,0.12015875943304953,metal
135.99917763157896,68,2073.141137352275,4584.797276358117,0.12610316793246903,metal
117.45383522727273,57,2242.6840597589,5260.1848590484715,0.17124877551760836,metal
135.99917763157896,67,2825.13374223279,6902.89159249226,0.19242362857972137,metal
143.5546875,71,2461.0299896542874,5566.633005998452,0.12134280367163312,metal
61.5234375,26,2027.3221173305972,4448.231435486407,0.1442818184017028,metal
112.34714673913044,55,2005.99779002366,4446.439779653638,0.12839302559017027,metal
107.666015625,52,2386.851871610183,5633.374269089832,0.17932884759578174,metal
143.5546875,68,2317.497411490066,5331.492761192676,0.16050318667763158,metal
99.38401442307692,48,2205.673206467208,5234.418348188371,0.16671025420859134,metal
151.99908088235293,73,1726.412512019374,3286.3217947283765,0.046570013182082044,metal
123.046875,59,2411.557479180018,5829.964747000774,0.19579171101006193,metal
129.19921875,63,2037.3073315350787,4547.580834734182,0.15180860584365324,metal
117.45383522727273,58,1928.7994789115612,4186.416351979731,0.13738125544214397,metal
161.4990234375,77,2240.206886783973,5157.935477336494,0.17150160845588236,metal
143.5546875,71,2231.9602291558376,4898.745377956899,0.1080065275493421,metal
123.046875,61,2399.6334648070006,5494.966772687693,0.13497272881191952,metal
99.38401442307692,48,2103.017884087307,4728.929738142173,0.14985396913699692,metal
117.45383522727273,57,2321.717199718173,5455.492011386174,0.16373219209558823,metal
135.99917763157896,66,2303.532061221873,5735.940315553647,0.20360421101006193,metal
129.19921875,65,1867.3106916668978,3500.2871675757065,0.051203016157120744,metal
123.046875,60,2478.4387216324517,5928.739149725474,0.16334179385158668,metal
151.99908088235293,74,2302.191500323804,5409.383956861939,0.15998467129450464,metal
89.10290948275862,42,2217.2753137431114,4682.58835169553,0.08467824835526316,metal
151.99908088235293,73,1970.447961881954,4200.882931168972,0.12199056997387771,metal
129.19921875,61,2270.7324221570348,5227.301724554954,0.14377388496517027,metal
135.99917763157896,67,2408.484761684164,5444.433744920666,0.12520937137190402,metal
112.34714673913044,56,2390.0695938357553,5112.344086354731,0.09467932166698917,metal
161.4990234375,78,2497.5140811666115,5930.355806616438,0.14412119956946595,metal
117.45383522727273,58,2133.9349721270037,4761.437874903251,0.14816085768188855,metal
123.046875,59,2248.292538544734,5189.301954334365,0.15904401182759287,metal
103.359375,49,2256.521272665543,5304.851255623549,0.15778135884287925,metal
135.99917763157896,69,2149.110049477828,4819.487523884965,0.12365873826915634,metal
172.265625,81,2361.3428419771417,5698.957205852119,0.19692586892898606,metal
89.10290948275862,43,2066.7287668036915,4616.697083464348,0.13954412974071206,metal
123.046875,59,2374.818107506625,5519.5749572187015,0.17261573626160992,metal
92.28515625,45,2263.83979087518,5018.86965158185,0.12008733129353716,metal
172.265625,83,2267.9263893463726,5176.768696787925,0.14164653577302633,metal
103.359375,50,2286.2651502532444,5405.600646405766,0.17811948227070434,metal
95.703125,46,2722.3163670049926,6407.227923035991,0.18307976973684212,metal
117.45383522727273,52,2450.835250405652,5626.040980099893,0.14287668706462847,metal
123.046875,60,1929.3035569049825,4223.182796324739,0.10000733177728328,metal
112.34714673913044,56,2408.7463673021575,5629.03262867647,0.17751366582817338,metal
129.19921875,60,2126.925661995089,5187.051967939725,0.19822933799342105,metal
123.046875,56,2573.139781663096,6229.245665937016,0.1981254081607972,metal
161.4990234375,81,2286.4981582177275,5105.327462116631,0.12823996529121517,metal
151.99908088235293,75,2204.25535951681,4951.478392420908,0.13437825016931115,metal
161.4990234375,77,2235.0377783966233,5291.984666759385,0.16091248125483745,metal
107.666015625,52,2324.2834456940996,5735.215319937597,0.19161335381191952,metal
112.34714673913044,53,2112.1640500468975,4241.174354198916,0.08620620585816563,metal
161.4990234375,79,2098.4951558488924,4109.891814713139,0.05379181380611455,metal
123.046875,61,2264.068282334778,5322.626148141206,0.14390615929760062,metal
117.45383522727273,57,2242.6840597589,5260.1848590484715,0.17124877551760836,metal
117.45383522727273,57,3175.656592020233,7302.597508858601,0.14452671488003097,pop
78.30255681818181,38,3222.7136045650177,6873.391770873645,0.09601491449787151,pop
107.666015625,50,3026.391117942676,6953.099622224507,0.17281943873355263,pop
103.359375,52,2970.3205320380166,6618.134981043198,0.14272098127902477,pop
103.359375,51,2953.5962616118304,6698.776160083688,0.16482477808146284,pop
99.38401442307692,46,3162.3930336714493,6877.683411589348,0.1151153281008127,pop
129.19921875,63,2326.8357602879937,4127.1500436883225,0.08234492913119196,pop
103.359375,48,3293.7336127332514,7855.0441682892315,0.17767428466041021,pop
107.666015625,52,2861.3942500179373,5986.147135920569,0.12376304602844428,pop
92.28515625,45,2066.8898740394166,3670.894469270027,0.08535171367066563,pop
103.359375,51,3333.9377994760584,7958.818540779799,0.14755995428599072,pop
83.35433467741936,40,2924.2150407114077,5957.30564365446,0.1019147276509288,pop
75.99954044117646,36,2848.6680787614396,5554.558079013884,0.10354207986648607,pop
112.34714673913044,56,3271.614422137673,8056.984613849651,0.19104230662248453,pop
92.28515625,42,2673.801945534496,4978.811560474313,0.06769535785119969,pop
143.5546875,69,2917.446756528263,5223.143416366341,0.05165917364067337,pop
95.703125,47,3404.2601719549957,8483.157036843315,0.22873671209849072,pop
117.45383522727273,54,2559.4601505741184,5351.72597217855,0.13165642233455882,pop
83.35433467741936,41,3269.6752700348998,7424.096774169166,0.11886851780185759,pop
99.38401442307692,46,3310.2634621117923,7587.279120761174,0.13724822525638544,pop
129.19921875,62,3426.2049714637287,8382.19931398752,0.21071452326818885,pop
117.45383522727273,57,3045.761494558615,6485.694115228328,0.12218028915924922,pop
103.359375,49,3125.9049058182077,7019.815885467057,0.14158379994678794,pop
99.38401442307692,47,2731.74381490059,5944.989051464541,0.13706266326431887,pop
161.4990234375,79,2625.135158496729,5481.708519525203,0.09820877878289473,pop
129.19921875,63,2931.013876477142,6714.767730051519,0.15505650759481424,pop
107.666015625,53,3132.2059930039254,7444.029986969089,0.17974985789957432,pop
89.10290948275862,44,3221.525265134618,7565.829250465606,0.14562421391253869,pop
83.35433467741936,40,3368.739507287662,7789.127900209221,0.1308480372000774,pop
117.45383522727273,58,3016.4226492338603,6689.351217075029,0.135637501814048,pop
107.666015625,54,2795.465795566145,6112.2963731133905,0.12622977336493807,pop
161.4990234375,75,2753.409622994132,5625.532649840364,0.10700086469620743,pop
107.666015625,54,2989.795399051021,6883.425043537151,0.14535890939434984,pop
107.666015625,34,3205.7953777954563,7499.3796522772345,0.15341592794601394,pop
103.359375,51,3306.480613774832,7384.647012716477,0.10639353654702012,pop
172.265625,81,2435.7587190222143,4746.421299039764,0.10678053345104489,pop
112.34714673913044,54,3342.385927502513,8331.391287883369,0.21392576613293343,pop
112.34714673913044,53,3220.167077549846,7292.222571594427,0.12735523897058823,pop
112.34714673913044,56,3271.614422137673,8056.984613849651,0.19104230662248453,pop
95.703125,47,3230.4867792979785,7236.939572549826,0.131055518938661,pop
103.359375,50,3336.23827751608,7946.976945717637,0.1464783281733746,pop
92.28515625,46,2944.848511784318,6552.618710544456,0.15605347813467493,pop
95.703125,48,2908.897370792016,6067.779975631289,0.11195132606907894,pop
215.33203125,109,3311.2943543954666,7780.461285948384,0.14281924221168732,pop
107.666015625,47,3052.8402189088174,6993.491044649768,0.15937998863196595,pop
129.19921875,63,3295.5633003700837,7879.035689882449,0.16189735814144737,pop
95.703125,48,2975.8618355953854,6652.934770613632,0.14873984133126936,pop
112.34714673913044,53,2424.9694783820937,4383.26516166191,0.07255095963138544,pop
107.666015625,52,2559.4649853003175,4506.6727487664475,0.0753657574255031,pop
89.10290948275862,44,3223.7919884751173,7633.162176645947,0.14478748427825078,pop
184.5703125,85,2579.6380440871876,4626.722022844911,0.08712532350522446,pop
143.5546875,69,3095.359021542908,6630.568239194321,0.1186580126499613,pop
129.19921875,57,2886.664831539905,7112.748656848636,0.205950001814048,pop
129.19921875,61,3295.496997570114,7664.586986624419,0.13602223115808823,pop
129.19921875,65,3170.8543504642844,7634.40383580447,0.18523244001547987,pop
99.38401442307692,48,2629.444898683948,5750.598560250581,0.14575422068498453,pop
123.046875,61,2941.8762332810356,5976.730526194853,0.08429578657120743,pop
103.359375,51,3279.7557985196195,7783.661266598539,0.15406445010158668,pop
99.38401442307692,47,3070.292763946592,7052.249022681646,0.16573822682856038,pop
123.046875,60,3405.6054143635197,7932.260368040103,0.12773467734133126,pop
107.666015625,53,2516.797862006077,4930.628518497243,0.09549942252805728,pop
95.703125,46,2992.1831672681155,6745.192546076819,0.15291026206946595,pop
151.99908088235293,74,3201.011322371478,6817.1004445929275,0.10574085719814241,pop
112.34714673913044,54,3220.477370812374,7293.264231962316,0.1275974899622678,pop
99.38401442307692,50,3026.9516669149025,7199.448132588767,0.1870177655766254,pop
172.265625,82,3009.8214510054945,6430.411116183726,0.1213038772252322,pop
99.38401442307692,46,3046.9022878113224,6828.042045097233,0.13586614744582043,pop
135.99917763157896,61,3144.2000756100997,7268.706047128967,0.1316624691611842,pop
129.19921875,61,3295.496997570114,7664.586986624419,0.13602223115808823,pop
80.74951171875,39,3219.1230157336063,6839.30864363632,0.09974656237906347,pop
135.99917763157896,64,2725.9496128049254,5776.090072773559,0.1032971833881579,pop
89.10290948275862,43,3409.8202952657143,7953.285240905573,0.12676680715460525,pop
112.34714673913044,53,3451.254769842469,8676.405868294069,0.23004509420955882,pop
117.45383522727273,55,2465.673109325826,5087.469236769543,0.1220960115131579,pop
107.666015625,53,3431.8058408654438,8073.092849778686,0.14947642039957432,pop
117.45383522727273,57,3246.6951116107493,7871.035738257063,0.1668300569611068,pop
129.19921875,59,3341.5531171787957,7555.26264769374,0.1003391513883514,pop
161.4990234375,79,3143.0559844397117,6919.44149241728,0.11157037599167957,pop
143.5546875,70,2684.363815197397,5155.585491546536,0.08601724252612229,pop
107.666015625,52,2420.845769463947,4192.1163175128195,0.06621728666795666,pop
92.28515625,43,3162.743738307688,6931.233087781782,0.10534554590750773,pop
83.35433467741936,39,3509.578677055124,8525.190116008369,0.18717800648219815,pop
99.38401442307692,49,3148.742937393452,7257.122783838042,0.17203410712558048,pop
103.359375,50,3276.4251584854437,7776.827974585188,0.15600737108165635,pop
92.28515625,45,2972.7964604546623,6446.044354985004,0.14374780802534828,pop
99.38401442307692,48,2661.809853535219,5533.833204334365,0.12593423471362228,pop
92.28515625,46,3014.385395211936,6921.091482440015,0.14652330144640094,pop
58.72691761363637,28,2579.9804197350813,4265.432540846314,0.06614018962848298,pop
117.45383522727273,55,3039.1050997792404,6479.2441542303595,0.12498941805340558,pop
103.359375,51,3361.5830718273205,8259.358390123114,0.16739883659055727,pop
123.046875,60,2999.7850934585076,6823.467072761465,0.13644399731520898,pop
117.45383522727273,56,2683.9083029724197,5496.141765582673,0.10014338537635449,pop
95.703125,46,3200.7065416767077,7658.520356641834,0.15924053369291796,pop
117.45383522727273,55,3134.2497243902567,7534.687772107198,0.18310584667666407,pop
103.359375,49,3126.2324331838163,7019.599220110536,0.14153920460042568,pop
129.19921875,61,2325.3291475489814,3821.2185602808145,0.0958112120259288,pop
151.99908088235293,75,2857.7149550963577,6101.779770039184,0.12854835344910992,pop
117.45383522727273,53,2291.1115340787574,4139.074971579915,0.0880610699255031,pop
80.74951171875,40,2294.4388291805726,3796.2937109979684,0.07464656298374613,pop
99.38401442307692,50,3051.591696454039,6655.701420550745,0.1212698638254644,pop
161.4990234375,76,1990.6988332814403,3269.546896163893,0.06057597535313467,reggae
151.99908088235293,74,2716.832738327817,5700.265531274187,0.11742559379837461,reggae
89.10290948275862,43,2549.5182836742647,5607.424426004983,0.11121021188080496,reggae
143.5546875,71,2180.499597050194,4561.055753253193,0.12388965146091331,reggae
172.265625,86,2820.835869811917,5582.10791242381,0.08757694586880804,reggae
151.99908088235293,73,2137.401674853416,2648.367319018479,0.02594957853618421,reggae
129.19921875,62,2314.408808427896,4493.381162472185,0.06821916420762383,reggae
95.703125,43,2000.4611571543287,3693.7193312512095,0.0655547812258127,reggae
123.046875,60,2787.6115592672677,5720.240410488826,0.10321517330205109,reggae
75.99954044117646,36,2187.794187771266,4067.9337350945725,0.07047840980553406,reggae
103.359375,48,2103.190592343633,3926.517923549971,0.07512652984713622,reggae
143.5546875,71,2309.675821110664,4759.437886996904,0.1149788965750774,reggae
161.4990234375,69,2559.7229190656954,5054.369436919505,0.08827233093072756,reggae
123.046875,59,2521.4596625812833,5048.944469723539,0.10571062306501548,reggae
143.5546875,71,2205.494054034302,4123.125068026799,0.05904763992356811,reggae
83.35433467741936,40,2361.7241501699386,3518.737056011755,0.06049774453366873,reggae
92.28515625,45,2918.242453805832,6473.510855565499,0.1335615506482198,reggae
172.265625,84,3135.8053667466943,6973.591164981618,0.10088072029798761,reggae
143.5546875,72,2068.6600719164753,3841.726769603812,0.07129926651993033,reggae
143.5546875,70,2107.8784852736817,4154.824876342395,0.08493448263351393,reggae
129.19921875,60,2046.5655793075668,3596.3115869291796,0.05678045786571207,reggae
143.5546875,71,2323.7143687078096,4846.312361678841,0.13506002987132354,reggae
89.10290948275862,43,2264.817111858475,4366.256931175019,0.08281998294794891,reggae
95.703125,46,2804.136860082058,5451.950366135352,0.08073911873548761,reggae
83.35433467741936,40,2667.0037524554514,5073.019324146188,0.05106696255804954,reggae
123.046875,59,2289.8972479939875,4801.7626310649675,0.09781082200561146,reggae
172.265625,87,2533.9764759260916,5006.2863943377515,0.06099963114357585,reggae
135.99917763157896,65,2318.1719400972524,4678.546709468121,0.08737815644349846,reggae
99.38401442307692,49,2630.174239445397,5315.434524961301,0.0994389300744969,reggae
151.99908088235293,75,2026.1269641398396,3768.8688768321886,0.07391149562209752,reggae
184.5703125,93,1746.4643126142669,2827.3829032023996,0.04461386476876935,reggae
123.046875,58,1899.2954383829506,3583.1366665961204,0.07374974300986842,reggae
117.45383522727273,58,2006.3138900051404,4722.754775481328,0.13958721338041796,reggae
129.19921875,63,2840.025246091605,5595.916162260546,0.0822270160119969,reggae
107.666015625,53,3361.8444020165593,8250.425110808097,0.18931631554760062,reggae
75.99954044117646,35,1704.6532771640595,2880.799246867744,0.060822383538119196,reggae
151.99908088235293,73,2227.0551794141247,4552.830802988342,0.0723423441128096,reggae
161.4990234375,74,2110.9528561831003,4137.2499826153735,0.09403079951141641,reggae
161.4990234375,77,1886.452718494085,3258.8302942990517,0.06711183908184984,reggae
86.1328125,42,1649.1695289550676,3439.6125344669117,0.09941020764802631,reggae
89.10290948275862,42,1578.0787091296475,3182.9224199702494,0.07962990397639319,reggae
161.4990234375,76,2460.9602939050983,4659.955155222039,0.08318468217879257,reggae
151.99908088235293,67,1850.2240292981069,3318.9799305824304,0.0658639252370356,reggae
95.703125,47,1963.602916970333,3657.427884033959,0.06947274695239938,reggae
95.703125,48,2577.17752205007,4774.862793724604,0.07889861588138544,reggae
92.28515625,45,1850.2194767354522,3837.8267931864357,0.10104549632352941,reggae
143.5546875,67,2852.399531002504,6392.36134626548,0.12166630889609133,reggae
143.5546875,69,2303.1569237775475,4852.478991056743,0.07927087364551083,reggae
123.046875,62,2295.3470276284966,4557.189109967589,0.07032270401993033,reggae
112.34714673913044,55,2300.864068737516,4792.4626873004545,0.11853254099748452,reggae
151.99908088235293,74,2126.9178572597248,3736.2607406757934,0.04367887420181889,reggae
89.10290948275862,42,2062.8625640509053,3560.10347254136,0.059147790489551086,reggae
99.38401442307692,49,2644.407237335524,5260.418190970879,0.09431537828947369,reggae
198.76802884615384,97,2120.847679628025,3820.0602339517222,0.07602221604102168,reggae
143.5546875,71,2054.8034602489884,4307.148955259529,0.12004009046052631,reggae
112.34714673913044,50,2974.0388849535084,6572.085259499565,0.13607514089106038,reggae
99.38401442307692,49,2630.174239445397,5315.434524961301,0.0994389300744969,reggae
135.99917763157896,66,2311.407622669158,4381.448505980312,0.07786158511513158,reggae
172.265625,80,2664.958778718358,5063.761046796391,0.051022745138351394,reggae
151.99908088235293,75,2214.5246177933923,5293.851322138642,0.18643386888061145,reggae
129.19921875,62,2335.8647377801426,5048.444472746953,0.1202902779121517,reggae
107.666015625,54,2030.5413145576417,3787.1854327411475,0.061317467468072755,reggae
78.30255681818181,37,1906.3386664567313,3494.787200833253,0.06783783620356038,reggae
161.4990234375,76,1964.1628127405118,3796.9270405016446,0.07305095660797213,reggae
83.35433467741936,39,3064.6633126368274,6909.191554397253,0.1218802153879644,reggae
123.046875,61,2141.0332689836264,4303.565643593992,0.08446849905669504,reggae
123.046875,60,2827.7733008572004,5699.682201468169,0.11201028262867647,reggae
151.99908088235293,77,1644.180464446538,2775.1415524320337,0.07602637323432662,reggae
86.1328125,43,2876.8169353062804,7675.5869201093265,0.27482940390383126,reggae
151.99908088235293,73,2068.0192409252254,3837.701793942289,0.06328759916795666,reggae
129.19921875,64,2303.6995779968033,4919.953583047117,0.1137952302631579,reggae
75.99954044117646,37,2296.7254618918532,4157.499860167134,0.08977950246710527,reggae
129.19921875,63,2129.4998613268212,3834.226814955012,0.09566646611358359,reggae
161.4990234375,78,2022.4309362157985,3540.9869214698624,0.05862247242647059,reggae
151.99908088235293,71,2725.538360310588,5475.600223127903,0.10153566720684984,reggae
161.4990234375,75,2334.60802288058,4680.58003050624,0.09380782277960527,reggae
151.99908088235293,76,1995.4526445387723,3575.170048102506,0.06396144241002322,reggae
129.19921875,64,2843.8928367343756,7624.028898540296,0.2602225383368808,reggae
117.45383522727273,57,2036.89635945632,4427.664893182808,0.10279038373161764,reggae
95.703125,46,2690.531716931338,5870.956165797939,0.12710883078560373,reggae
123.046875,59,2397.6700032935487,4460.9146921258225,0.06482538276412539,reggae
143.5546875,71,2683.078666873198,5287.743025741341,0.08041447973103716,reggae
143.5546875,71,2173.9942367561307,3821.63522442797,0.06091951069078947,reggae
151.99908088235293,75,2675.940521156011,5796.2982839106035,0.13065151533475233,reggae
135.99917763157896,67,2054.385577152674,4007.0091034974844,0.07455850607101393,reggae
129.19921875,61,1973.1468393086634,3777.1604933605845,0.07796513702109133,reggae
86.1328125,42,2166.3516715356513,4119.275091307082,0.05923924874226006,reggae
172.265625,82,2592.8564636076176,5228.010053605118,0.08097759046052631,reggae
123.046875,60,1974.4840574083523,3432.7792424535605,0.07054114563177244,reggae
184.5703125,89,2114.9891417137364,3939.776176712461,0.0833796923374613,reggae
99.38401442307692,49,3252.9234824986743,7285.255947053986,0.13413826673761609,reggae
89.10290948275862,44,2527.0960420912256,4605.280485832285,0.08934072961010062,reggae
151.99908088235293,74,2120.550975065248,4324.648849440064,0.09286754123935759,reggae
151.99908088235293,73,1400.8571483327166,2054.387577399381,0.03803831874032508,reggae
129.19921875,63,1736.7897056663794,2562.301172782024,0.07119609254063468,reggae
135.99917763157896,67,2019.5288361967368,3854.160027754934,0.0721775680872678,reggae
161.4990234375,80,3112.045682843293,7926.402070131096,0.22392041469136997,reggae
151.99908088235293,75,2595.1776537077258,4785.504396042957,0.06088285180437306,reggae
151.99908088235293,75,2124.5017774433823,4220.3244802752515,0.07739862495162539,reggae
129.19921875,64,2062.6901493559135,3791.177075270898,0.06411563648897059,reggae
117.45383522727273,58,2118.9852819018124,4702.063233933582,0.12819952713815788,rock
123.046875,61,2249.869714134509,5213.168476683437,0.1206425055630805,rock
143.5546875,70,2123.3223223104847,4754.529583343411,0.15018352118808048,rock
117.45383522727273,56,2688.491154867126,5678.49899622678,0.14837174076044893,rock
135.99917763157896,69,2070.341468050858,4095.9335657834267,0.101985399937113,rock
123.046875,56,2311.955596615178,3810.018628005273,0.053289549269543345,rock
89.10290948275862,44,1729.6369508624116,2675.8171530330883,0.04718867913119195,rock
92.28515625,44,2078.674825835868,4889.862098339541,0.16178095672890866,rock
117.45383522727273,57,2512.4594499000323,5302.242938062355,0.13247236600232198,rock
151.99908088235293,75,2440.309175639267,5445.858736303938,0.13342209570917182,rock
95.703125,47,1953.5273710295116,3580.7616809573337,0.0712066744872291,rock
129.19921875,65,2102.216351195683,4687.104991050696,0.15094504341621517,rock
129.19921875,61,2208.2783970564524,4819.854188334462,0.12858085514222137,rock
123.046875,61,2433.7860122393845,5172.36039011102,0.11148874383223684,rock
92.28515625,45,2378.4020418550913,4735.838029702012,0.1154928768382353,rock
99.38401442307692,47,1591.9246700420426,2870.199310964106,0.07701994243421052,rock
129.19921875,64,2133.4272211872467,4830.5541236334175,0.14632451202109134,rock
123.046875,62,2107.2249655136834,4479.464579957188,0.1091164981617647,rock
107.666015625,53,1816.2241701172268,3381.4878859387095,0.0732932075996517,rock
172.265625,87,1842.5005611114718,3362.7213327508225,0.0849809676131966,rock
117.45383522727273,58,2318.6982105919037,5339.309380593315,0.1496808787248452,rock
151.99908088235293,74,2181.4361094850988,4690.929967921585,0.10637615192047213,rock
99.38401442307692,48,2204.9441152141117,4287.182409327835,0.07173048084365326,rock
117.45383522727273,59,2933.2145887733973,6920.499819351055,0.18757331777283281,rock
73.828125,37,1818.1484689191705,3014.7401036123742,0.04873137577399381,rock
129.19921875,64,1700.7749287892752,3183.855747659878,0.0852647905379257,rock
75.99954044117646,35,1607.8772731993836,2367.9523479827785,0.04254093701625387,rock
184.5703125,96,2058.09124300866,4509.114400668779,0.12098982016737617,rock
129.19921875,61,2442.7620035334508,5047.852809657991,0.14631922104779413,rock
123.046875,60,1797.065097595373,3246.280370186726,0.07628978811919504,rock
135.99917763157896,54,2619.2100254097186,5885.356078723636,0.14617523098877708,rock
123.046875,55,2237.776843280363,3822.9935495476975,0.046099872411958204,rock
161.4990234375,72,2731.992959972,5877.581125737713,0.13764807166698917,rock
143.5546875,71,2731.0699757065513,5447.258727838381,0.12278761730843653,rock
99.38401442307692,46,2423.245774204101,5926.697495404412,0.1837358504256966,rock
73.828125,35,2207.468009078028,4849.73734096846,0.11561872641737617,rock
143.5546875,69,2221.4089826260342,5024.161286250725,0.1428422957381966,rock
123.046875,53,2097.0453467090874,4227.074439459172,0.09019522179760062,rock
129.19921875,65,2422.256646772281,4270.982507286426,0.05698831753095975,rock
123.046875,57,2104.223155826377,4730.329729676616,0.12912129027186534,rock
107.666015625,51,1984.1151601036784,3929.959569405476,0.0767569054760062,rock
129.19921875,48,2449.2415573778167,4463.7146751947075,0.08860566224845201,rock
112.34714673913044,46,2333.7700322146256,4495.139485173181,0.09130519241002322,rock
95.703125,46,1902.8833437788944,3042.739934301229,0.04309724506578947,rock
161.4990234375,82,2182.366382824105,4191.541320989744,0.07170251427051083,rock
135.99917763157896,66,2914.1422881045205,6719.401035367889,0.17756393007449692,rock
184.5703125,93,2060.259515919025,4244.324335151413,0.12160357306985294,rock
172.265625,81,2245.202378787966,5130.377310643624,0.13914088199013158,rock
117.45383522727273,57,2142.8209053866603,4594.563883967444,0.11580542218943499,rock
112.34714673913044,55,2215.382497010245,4571.205691877903,0.09080821884674922,rock
172.265625,86,3055.3345392123465,6731.700960991921,0.12080841536861456,rock
112.34714673913044,56,2246.1753464732924,4832.3291129003,0.09116309198432662,rock
95.703125,46,2287.963730235003,4918.4952585320725,0.11005866933533281,rock
107.666015625,52,2350.8481400866835,4994.269800333785,0.10627675720781733,rock
129.19921875,64,2376.3622085168777,5391.075734235923,0.13921608939628483,rock
123.046875,61,2398.9707140717423,5402.45066545327,0.11828008598587461,rock
117.45383522727273,57,2007.5186221830884,3983.1509144313563,0.08359435468266253,rock
80.74951171875,39,2739.519270292962,4688.438316321594,0.06909104102167182,rock
103.359375,52,2339.0576822485655,5212.18514929615,0.11991915392801858,rock
123.046875,61,3203.246227874781,6983.766103455157,0.10857001620549536,rock
129.19921875,63,1926.9896775727282,4030.767293168295,0.12182428224167957,rock
135.99917763157896,67,2099.296471413798,4501.45611364406,0.11420150142705109,rock
135.99917763157896,64,2648.716877386667,5836.164709510449,0.13500787599167957,rock
107.666015625,53,2550.454193309377,5310.709553532556,0.13243306162925697,rock
89.10290948275862,42,2891.8191246788156,6205.320810607343,0.13467605638061145,rock
103.359375,50,2211.281521751768,4359.906969572368,0.08172853074206657,rock
103.359375,51,2115.3551610471864,4735.604697779605,0.15789020172213622,rock
129.19921875,65,2248.2514287357367,3614.6114762722523,0.06657442736551858,rock
112.34714673913044,54,2067.2364392410104,3985.075902791215,0.06819006385448917,rock
75.99954044117646,38,2309.491916324717,3492.6038807021573,0.0558345074255031,rock
103.359375,50,2501.827203650996,5034.036226538313,0.11816519627999227,rock
172.265625,81,2345.3736663432446,5365.900886464783,0.13768964360003869,rock
92.28515625,44,2104.0355794702737,3456.3457666166796,0.06892966633610681,rock
103.359375,49,2106.6170238521977,4254.215942004886,0.08926665598393962,rock
112.34714673913044,53,2777.9472945724915,6130.754594832382,0.14474440063854488,rock
112.34714673913044,54,2150.4240525417845,4603.730495204866,0.1229387879740712,rock
117.45383522727273,50,2068.327905336064,4147.374921391254,0.0976588954866486,rock
112.34714673913044,55,2210.6376803549356,5086.735907870549,0.14670470624516255,rock
103.359375,51,1881.6613355364416,3749.16066267173,0.09836637420181889,rock
117.45383522727273,57,1947.2780595971751,3429.595928369292,0.07488654641544118,rock
151.99908088235293,70,1568.3068482985968,3242.7387249359035,0.0789651309742647,rock
117.45383522727273,58,2831.604535951254,6334.595028903831,0.11496000024187307,rock
99.38401442307692,47,2120.348370880694,4433.073193812887,0.11758961397058823,rock
135.99917763157896,59,2633.9440022869453,5862.41455078125,0.14055017052051083,rock
73.828125,33,2045.001158270703,4467.031321806066,0.1434492459607198,rock
117.45383522727273,56,2927.316973865839,5644.765866873065,0.0865675037490325,rock
117.45383522727273,55,2037.2091634091578,3415.39601423423,0.05433413856907895,rock
107.666015625,49,2691.4003608316707,5963.363940354102,0.15630366558630032,rock
151.99908088235293,66,1845.423387640348,3271.6635500314437,0.054981526944659444,rock
123.046875,60,2245.3916980367067,4689.696642046004,0.09280102614647832,rock
123.046875,62,3241.742261280203,7660.553677679954,0.1751028716379644,rock
89.10290948275862,42,2541.9125593888602,5327.184453911087,0.1440289854634288,rock
135.99917763157896,68,2789.8213825062144,5497.725089341863,0.09894309029121517,rock
198.76802884615384,98,2112.8314768280393,4594.5055509868425,0.13848895849458204,rock
117.45383522727273,59,2355.2256143320787,5092.235874613003,0.11154543283184984,rock
123.046875,59,2060.825761360426,4528.197618608504,0.14058758526025542,rock
117.45383522727273,56,2219.0908922062845,5123.75235070385,0.13617340182372292,rock
103.359375,45,1841.7480326585871,2939.265559996614,0.04109914679276316,rock
112.34714673913044,45,1653.4228597590877,3253.5636594790053,0.0872942567240712,rock
75.99954044117646,36,2175.214294000424,4575.588998705979,0.10714712231520898,rock
